{
  "action": {
    "mean": [
      0.00044341114698909223,
      0.00011247894144617021,
      0.0009606467792764306,
      -0.00010649060277501121,
      -0.0016471274429932237,
      0.00044246710604056716,
      0.5958872437477112
    ],
    "std": [
      0.010404536500573158,
      0.015487943775951862,
      0.014932898804545403,
      0.027490345761179924,
      0.02971869520843029,
      0.11546679586172104,
      0.48760464787483215
    ],
    "max": [
      0.11174812912940979,
      0.20042644441127777,
      0.1396285593509674,
      0.3575967252254486,
      0.3536425828933716,
      1.0,
      1.0
    ],
    "min": [
      -0.17910608649253845,
      -0.2553379237651825,
      -0.06806956231594086,
      -0.44872575998306274,
      -0.34495556354522705,
      -1.0,
      -0.01749391108751297
    ]
  },
  "proprio": {
    "mean": [
      0.3079931139945984,
      0.03316773846745491,
      0.06561094522476196,
      0.0059214746579527855,
      -0.06604604423046112,
      0.11457856744527817,
      0.7222138047218323
    ],
    "std": [
      0.06016968563199043,
      0.09222754091024399,
      0.05270233005285263,
      0.13220065832138062,
      0.16509996354579926,
      0.5700136423110962,
      0.3503913879394531
    ],
    "max": [
      0.5472161769866943,
      0.36162135004997253,
      0.3010485768318176,
      1.086124062538147,
      1.0565510988235474,
      3.1202564239501953,
      1.0330387353897095
    ],
    "min": [
      0.1046842411160469,
      -0.2998586595058441,
      -0.1459263265132904,
      -0.8457353115081787,
      -1.3602615594863892,
      -3.1272406578063965,
      0.04760842025279999
    ]
  }
}